{"epoch": 1, "loss_D_train": 1.0377808273633322, "loss_G_train": 0.982489437675476, "loss_D_test": 1.1909363103866577, "loss_G_test": 0.909180220413208}
{"epoch": 2, "loss_D_train": 0.8876725019772848, "loss_G_train": 1.1786711899439495, "loss_D_test": 1.168687523651123, "loss_G_test": 0.9453416490554809}
{"epoch": 3, "loss_D_train": 0.950574192237854, "loss_G_train": 1.1422251850763956, "loss_D_test": 1.2123706733703614, "loss_G_test": 1.0183836423873902}
{"epoch": 4, "loss_D_train": 0.9956534152348836, "loss_G_train": 1.1126696123758952, "loss_D_test": 1.2402663516998291, "loss_G_test": 0.8885732650756836}
{"epoch": 5, "loss_D_train": 1.032743137518565, "loss_G_train": 1.0797662135442099, "loss_D_test": 1.329190813064575, "loss_G_test": 0.6176124318122864}
{"epoch": 6, "loss_D_train": 1.067568269030253, "loss_G_train": 1.0426487532933553, "loss_D_test": 1.293601195526123, "loss_G_test": 0.7797841733932495}
{"epoch": 7, "loss_D_train": 1.0992516976038615, "loss_G_train": 1.0108552507718405, "loss_D_test": 1.3444703514099121, "loss_G_test": 0.7322993269920349}
{"epoch": 8, "loss_D_train": 1.1313222531636555, "loss_G_train": 0.9791826773007711, "loss_D_test": 1.3468229900360107, "loss_G_test": 0.8127812480926514}
{"epoch": 9, "loss_D_train": 1.147813667488098, "loss_G_train": 0.9586030482610066, "loss_D_test": 1.3690102317810058, "loss_G_test": 0.6639824911117553}
{"epoch": 10, "loss_D_train": 1.1686639836629231, "loss_G_train": 0.9327756901423137, "loss_D_test": 1.3997795982360839, "loss_G_test": 0.8633047173500061}
{"epoch": 11, "loss_D_train": 1.1826869282404582, "loss_G_train": 0.9185893868764241, "loss_D_test": 1.3810958633422852, "loss_G_test": 0.8073913009643555}
{"epoch": 12, "loss_D_train": 1.1942568501154582, "loss_G_train": 0.9039646255493164, "loss_D_test": 1.3950859270095826, "loss_G_test": 0.7869984919548034}
{"epoch": 13, "loss_D_train": 1.1933800207773844, "loss_G_train": 0.8988776436487834, "loss_D_test": 1.4134231674194335, "loss_G_test": 0.6805298871040344}
{"epoch": 14, "loss_D_train": 1.2009314483006794, "loss_G_train": 0.8928083055178324, "loss_D_test": 1.4171006603240968, "loss_G_test": 0.6028893683433533}
{"epoch": 15, "loss_D_train": 1.2060288736979166, "loss_G_train": 0.8863247984886169, "loss_D_test": 1.3929779651641845, "loss_G_test": 0.7646922343254089}
{"epoch": 16, "loss_D_train": 1.206514988263448, "loss_G_train": 0.8835117924054464, "loss_D_test": 1.398304751777649, "loss_G_test": 0.6778992874145507}
{"epoch": 17, "loss_D_train": 1.2110338629404704, "loss_G_train": 0.8779520957628886, "loss_D_test": 1.444160471725464, "loss_G_test": 0.9020625747680664}
{"epoch": 18, "loss_D_train": 1.2087083964029948, "loss_G_train": 0.878860375436147, "loss_D_test": 1.3961794311523437, "loss_G_test": 0.7674222658157349}
{"epoch": 19, "loss_D_train": 1.209952405802409, "loss_G_train": 0.8778916375478109, "loss_D_test": 1.4183769525527954, "loss_G_test": 0.5944192064285279}
{"epoch": 20, "loss_D_train": 1.2092983275731404, "loss_G_train": 0.8766205135663351, "loss_D_test": 1.374469578552246, "loss_G_test": 0.7388737538337707}
{"epoch": 21, "loss_D_train": 1.2055330506006876, "loss_G_train": 0.8781227966626485, "loss_D_test": 1.41876243019104, "loss_G_test": 0.6451266596794129}
{"epoch": 22, "loss_D_train": 1.205898991394043, "loss_G_train": 0.8777449911117554, "loss_D_test": 1.376754238510132, "loss_G_test": 0.7809923701286315}
{"epoch": 23, "loss_D_train": 1.2081169586817424, "loss_G_train": 0.8758589428583781, "loss_D_test": 1.3929791618347167, "loss_G_test": 0.7439066774368286}
{"epoch": 24, "loss_D_train": 1.2054324732462565, "loss_G_train": 0.8793797011693318, "loss_D_test": 1.409958193397522, "loss_G_test": 0.5919223609924317}
{"epoch": 25, "loss_D_train": 1.2018373564402263, "loss_G_train": 0.8798152983029683, "loss_D_test": 1.3624343673706054, "loss_G_test": 0.6936648402214051}
{"epoch": 26, "loss_D_train": 1.197602888170878, "loss_G_train": 0.883178886349996, "loss_D_test": 1.3755364200592042, "loss_G_test": 0.7985559552192688}
{"epoch": 27, "loss_D_train": 1.198183559099833, "loss_G_train": 0.8835050378799438, "loss_D_test": 1.4130205284118653, "loss_G_test": 0.5844133744239807}
{"epoch": 28, "loss_D_train": 1.1902531913121541, "loss_G_train": 0.8920224678675334, "loss_D_test": 1.3914827327728272, "loss_G_test": 0.7015604324340821}
{"epoch": 29, "loss_D_train": 1.1867993757247925, "loss_G_train": 0.8932919082641602, "loss_D_test": 1.39078955078125, "loss_G_test": 0.7601976066589355}
{"epoch": 30, "loss_D_train": 1.1847774546305339, "loss_G_train": 0.8955757843653361, "loss_D_test": 1.4082836088180541, "loss_G_test": 0.5902338513374329}
{"epoch": 31, "loss_D_train": 1.1873045723597209, "loss_G_train": 0.8957333502451579, "loss_D_test": 1.3985536396026612, "loss_G_test": 0.6729772695541382}
{"epoch": 32, "loss_D_train": 1.1798633081436156, "loss_G_train": 0.9001046280225118, "loss_D_test": 1.43679347782135, "loss_G_test": 0.5548229358673096}
{"epoch": 33, "loss_D_train": 1.1832366640726726, "loss_G_train": 0.8995591122309367, "loss_D_test": 1.387900131034851, "loss_G_test": 0.6695829598426819}
{"epoch": 34, "loss_D_train": 1.172242883427938, "loss_G_train": 0.9077664646148682, "loss_D_test": 1.3882059799194335, "loss_G_test": 0.6652087635993957}
{"epoch": 35, "loss_D_train": 1.1729812976837157, "loss_G_train": 0.9094762375195821, "loss_D_test": 1.4603010011672974, "loss_G_test": 0.5147413755893707}
{"epoch": 36, "loss_D_train": 1.1733612778345743, "loss_G_train": 0.9095600010236105, "loss_D_test": 1.4013751359939575, "loss_G_test": 0.7943755215644837}
{"epoch": 37, "loss_D_train": 1.167489874712626, "loss_G_train": 0.9163770223617553, "loss_D_test": 1.3580383895874024, "loss_G_test": 0.7655127958297729}
{"epoch": 38, "loss_D_train": 1.1614593289693196, "loss_G_train": 0.921078643321991, "loss_D_test": 1.3947291088104248, "loss_G_test": 0.7419383402824402}
{"epoch": 39, "loss_D_train": 1.1649781512578328, "loss_G_train": 0.9204248143831889, "loss_D_test": 1.3729558605194092, "loss_G_test": 0.7028461023330689}
{"epoch": 40, "loss_D_train": 1.1596658824284871, "loss_G_train": 0.9238431780179341, "loss_D_test": 1.462053581047058, "loss_G_test": 0.5233571848392486}
{"epoch": 41, "loss_D_train": 1.1629500708897909, "loss_G_train": 0.9230321927070617, "loss_D_test": 1.4518764812469482, "loss_G_test": 0.5461805153369903}
{"epoch": 42, "loss_D_train": 1.1563284411112467, "loss_G_train": 0.9266238633473715, "loss_D_test": 1.3853870473861694, "loss_G_test": 0.9410601470947265}
{"epoch": 43, "loss_D_train": 1.1574929114659627, "loss_G_train": 0.927309138139089, "loss_D_test": 1.408670804786682, "loss_G_test": 0.5888716769218445}
{"epoch": 44, "loss_D_train": 1.144951429049174, "loss_G_train": 0.9430367403348286, "loss_D_test": 1.3974644157409668, "loss_G_test": 0.7986609807014465}
{"epoch": 45, "loss_D_train": 1.1523694817225139, "loss_G_train": 0.933539605140686, "loss_D_test": 1.3672497732162476, "loss_G_test": 0.7703645367622376}
{"epoch": 46, "loss_D_train": 1.1464743248621623, "loss_G_train": 0.9413700941721598, "loss_D_test": 1.4046845973968505, "loss_G_test": 0.7039177760124207}
{"epoch": 47, "loss_D_train": 1.1469123679478963, "loss_G_train": 0.9407669050216675, "loss_D_test": 1.4578543502807617, "loss_G_test": 0.5348312537193298}
{"epoch": 48, "loss_D_train": 1.1366020949045816, "loss_G_train": 0.9523836917241414, "loss_D_test": 1.4025959497451783, "loss_G_test": 0.5973741735458374}
{"epoch": 49, "loss_D_train": 1.1390736009597777, "loss_G_train": 0.9512904254595439, "loss_D_test": 1.3902858907699585, "loss_G_test": 0.8730868373870849}
{"epoch": 50, "loss_D_train": 1.1283664096196493, "loss_G_train": 0.9569043765703837, "loss_D_test": 1.4546425155639648, "loss_G_test": 0.5165442566871643}
